frame_start,frame_end,status,datetime_begin,complete,computer_name
111,120,done,2024-03-27 14:40:14.591899,yes,TUANTU,2024-03-27 14:41:43.676170
121,130,done,2024-03-27 14:40:14.592900,yes,TUANTU,2024-03-27 14:40:59.370569
131,140,done,2024-03-27 14:40:14.592900,yes,TUANTU,2024-03-27 14:40:59.402184
141,150,pending,2024-03-27 14:40:14.592900,yes,TUANTU,2024-03-27 14:40:59.433175
151,160,done,2024-03-27 14:40:14.592900,yes,TUANTU,2024-03-27 14:40:59.463180
161,170,done,2024-03-27 14:40:14.592900,yes,TUANTU,2024-03-27 14:40:59.497258
171,180,done,2024-03-27 14:40:14.592900,yes,TUANTU,2024-03-27 14:40:59.533247
181,190,done,2024-03-27 14:40:14.593900,yes,TUANTU,2024-03-27 14:40:59.564269
191,200,done,2024-03-27 14:40:14.593900,yes,TUANTU,2024-03-27 14:40:59.594257
